{
    "mapData": [{
        "id": 0,
        "data": {
            "x": 0.0,
            "y": 0.0,
            "z": 0.0,
            "rx": 0.0,
            "ry": 0.0,
            "rz": 0.0,
            "sx": 34.051021575927734,
            "sy": 34.051021575927734,
            "sz": -0.05569763481616974,
            "model": "C:\\GitHub\\Sorcery\\Content\\red.bam"
        }
    }, {
        "id": 0,
        "data": {
            "x": 0.0,
            "y": 0.0,
            "z": 1.1701551675796509,
            "rx": 0.0,
            "ry": 0.0,
            "rz": 0.0,
            "sx": 1.0,
            "sy": 1.0,
            "sz": 1.0,
            "model": "C:\\GitHub\\Sorcery\\Content\\red.bam",
            "mass": 10.0
        }
    }, {
        "id": 2,
        "data": {
            "x": 0.0,
            "y": 0.0,
            "z": 3.991220474243164,
            "rx": 0.0,
            "ry": 0.0,
            "rz": 0.0,
            "sx": 0.4250689744949341,
            "sy": 0.4250689744949341,
            "sz": 0.4250689744949341,
            "model": "C:\\GitHub\\Sorcery\\Content\\red.bam"
        }
    }, {
        "id": 0,
        "data": {
            "x": -10.414813995361328,
            "y": 0.0,
            "z": 7.424280643463135,
            "rx": 0.0,
            "ry": 0.0,
            "rz": 0.0,
            "sx": 1.0,
            "sy": 1.0,
            "sz": 1.0,
            "model": "C:\\GitHub\\Sorcery\\Content\\red.bam"
        }
    }]
}